weeks,M,T,W,R,F,Sa,Su,target,bins
1,-0.022263436896376554,0.007468915938354748,0.08039005232870977,-0.0293300757918038,-0.028104487850715287,-0.019321168007115475,-0.010174071846387633,-0.058086980205943384,0.0
2,-0.058086980205943384,-0.00223101852783536,0.029704255986034767,-0.008916128782640698,-0.023202744138181686,-0.04160459530705918,-0.09000162747132734,-0.026266445923006643,0.0
3,-0.026266445923006643,0.031324925246202895,0.0165954968161941,0.04829755173869188,0.0332856030573323,-0.009159258370095458,0.003436586271558184,0.04136834035811798,4.0
4,0.04136834035811798,0.03579062831952928,0.0233733882084044,-0.016184389840382174,-0.03026703749991988,0.00318234269557216,0.018776875841703067,-0.005183993457352543,1.0
5,-0.005183993457352543,-0.017650897036952884,0.009620980880630015,-0.00820726750331957,-0.06575331159513542,5.574161852450743e-05,-0.031510959005768946,0.02076219139675839,4.0
6,0.02076219139675839,-0.004412520270236087,0.010908094265216661,-0.06174026166522495,0.027325754383403122,-0.01860340439954289,-0.03783965488580954,-0.0015530323071688557,1.0
7,-0.0015530323071688557,0.004878017342551999,0.010707816801692083,0.026189996677874916,0.03006274765352046,-0.022152094498382624,0.009372794182918476,0.047742330706454617,4.0
8,0.047742330706454617,0.009866503387965686,0.005799602700965245,0.14938104089560067,-0.020944652820928944,-0.045889374721867604,-0.06438335305849563,0.03569862129016066,4.0
9,0.03569862129016066,-0.001453344646911603,-0.036473399463569756,0.017001166512090826,-0.06078390483785956,-0.017689381167284246,0.004458097133215766,0.03825649237178386,4.0
10,0.03825649237178386,0.02672257411332435,-0.0023030113639714855,-0.01478082532257119,-0.0030492186888908535,0.018183676357962142,-0.001708209649383896,0.007267561766020947,3.0
11,0.007267561766020947,0.0026429278241302256,0.006496937453595031,-0.01585372828346543,-0.016845106103267504,0.019606666802142847,-0.005111793786515939,0.0003440833024574985,2.0
12,0.0003440833024574985,-0.03547859350615301,-0.02714072857714811,-0.022583825798387025,0.018680819840182217,0.004402661085930681,-0.016175312713237133,0.013276464247468311,4.0
13,0.013276464247468311,-0.016320909144113216,-0.055976571915236306,-0.02186777363987602,-0.027280643175686237,0.020484249162748824,0.03685432967221747,-0.026053926252790127,0.0
14,-0.026053926252790127,0.03353324950154679,0.007106887249727301,-0.03685366943254209,-0.009771880823605805,0.02607397910721332,-0.035493055290523046,0.004862227058985091,3.0
15,0.004862227058985091,-0.015805649726062576,-0.005788654720611852,0.03016309161490227,-0.02003486297852408,0.0024390773408402566,-0.11320956267214655,-0.0588272796524798,0.0
16,-0.0588272796524798,0.035308708189782934,0.04090546970472264,0.02777788824684979,-0.04077458827592917,0.017273147961525126,-0.04519280582578755,-0.031299618119827066,0.0
17,-0.031299618119827066,0.004678255641441531,-0.1775505588300934,-0.23560505292170042,0.16710149835293286,-0.005929473454831857,-0.03817233384581886,0.05552048984489222,4.0
18,0.05552048984489222,0.006767601106812293,-0.007207412962669579,0.07271951266594545,0.026887330078810834,-0.003504813617175806,0.061062386147535896,0.026832779040199206,4.0
19,0.026832779040199206,0.0724380778813245,-0.03659550797118172,-0.12095686097314928,-0.002471484943105118,-0.027575047755107107,-0.0432001179854522,0.04342091493155742,4.0
20,0.04342091493155742,0.04726870365951896,-0.04277530178701294,0.0006766218234988131,-0.04833274918438324,0.025982187565094073,0.022473541783890383,-0.019083517447674225,0.0
21,-0.019083517447674225,-0.014006147574320948,-0.002499935434758349,-0.0023875803674755502,0.012516686626207196,0.05929209690362125,0.08921705912809585,-0.09220631837792492,0.0
22,-0.09220631837792492,-0.005992581763786475,0.04341821378431021,-0.030698572384166845,0.016116636567374165,0.01446707156113014,0.0032439654899274473,-0.03558467918629038,0.0
23,-0.03558467918629038,0.012644590706189618,-0.00045199712835941597,-0.006522093408201535,-0.003803517994032113,0.06976515181131049,0.0030051085191624693,0.02360590724642897,4.0
24,0.02360590724642897,0.05488457312166162,0.02493325380643263,-0.033356228595671666,0.010435215651658503,-0.012068173958978079,0.01508614064604874,-0.005881256414001612,1.0
25,-0.005881256414001612,0.053317676470013176,0.00572079717170304,0.01566271881278425,-0.00680737887849947,-0.033451767627967754,-0.01066337753055624,0.015023858631836084,4.0
26,0.015023858631836084,0.017040750415666217,-0.019206357400335605,-0.10801558712555259,0.019643183620880578,0.002633059279002481,-0.006622528519977244,0.030232753132800383,4.0
27,0.030232753132800383,-0.004931954184987042,-0.074365673154281,-0.004844582000328224,0.009255517400410973,-0.006421238471372881,0.023074170889216816,-0.03979794340902654,0.0
28,-0.03979794340902654,0.018661317238579223,-0.013142914945282413,0.011666844851196956,0.023933339987090463,0.004797324695366534,-0.0020863934800852135,0.027058013686913185,4.0
29,0.027058013686913185,-0.02111341481385587,-0.008695084518163476,-0.033401005601836786,-0.004328055911495099,-0.03201371513341389,0.0021965806767783036,-0.0024762999786380746,1.0
30,-0.0024762999786380746,-0.04859117506635613,-0.025623731914238057,0.021870480259773117,0.020588892188678543,-0.025352023115596367,0.002702152002601821,-0.0037841540684642183,1.0
31,-0.0037841540684642183,0.008979717530836595,0.047733898652904116,-0.006596402125285117,0.008157122736417222,-0.020270168790651688,-0.021086981116506642,-0.03131881029927186,0.0
32,-0.03131881029927186,0.04255787467459449,-0.014862958497760204,0.00045199919625105167,0.04439763814134512,-0.015367142821800961,0.010868633688307483,0.02304640339101116,4.0
33,0.02304640339101116,-0.006277035914105333,-0.01095783025961694,-0.028277628032459923,0.032311833410444635,0.02730053394243903,-0.008403762741315823,-0.00593331588701318,1.0
34,-0.00593331588701318,0.00765277217363014,-0.0030897338843445254,-0.02170880793472474,0.0031320631520301845,0.0029034847754996207,-0.006899587081372616,0.0037090488104691843,3.0
35,0.0037090488104691843,-0.01638595251884567,-0.004934135131386519,0.009126397743857595,0.0055610205424505565,0.020879324458715764,-0.005466739618817051,0.008130871232594039,3.0
36,0.008130871232594039,-0.01599511102469897,-0.00016450674588419645,0.0008095850837968044,0.0005056317153764311,-0.0012013599956244292,-0.01683056690206719,-0.012525815167606424,0.0
37,-0.012525815167606424,-0.03239553963623454,0.012669830760735579,0.00015951434072114523,-0.007192306907564117,0.0037892995377548644,0.0026231115398829274,-0.012116743612703651,0.0
38,-0.012116743612703651,0.025073457894505324,0.001997675197054072,-0.0006115496652405739,0.003707287932860126,0.0009355279442173625,0.010909322211019479,0.0042072254982654655,3.0
39,0.0042072254982654655,0.014220122466782392,0.057679419311198465,-0.005577230783474718,-0.0015447040327716266,-0.01828757161805772,0.0023283183288729248,-0.004625171565717068,1.0
40,-0.004625171565717068,0.012051611038187637,-0.010769467026163326,-0.01616466527897753,0.009271878726763383,0.0038876369792850696,0.029955510272470676,-0.008941889975892181,1.0
41,-0.008941889975892181,0.03288443751798287,0.024248767704531105,-0.01836812141095301,-0.01203491489558317,0.004031637479815053,0.016679410228265468,0.03874429804459645,4.0
42,0.03874429804459645,-0.00423231212683195,-0.014856342204810247,0.018051607356556865,-0.006189066424991729,0.056776897068366416,0.02858230524847105,0.05858611266902258,4.0
43,0.05858611266902258,-0.062366250865014905,-0.01375346051122861,-0.006978137845105259,-0.028190216172384375,0.004449028032702529,-0.016473978555240798,-0.004625518568015963,1.0
44,-0.004625518568015963,0.0194907738921275,-0.011631327450753126,0.0060904204234297765,-0.0048288072080815425,0.043110766367972175,0.001650522863434034,0.013759505964194396,4.0
45,0.013759505964194396,0.003390879815613701,0.0028940281839471282,-0.01844168718215844,-0.0048785998719464985,-0.010517579683386735,-0.014994927989813611,0.0083692421261512,3.0
46,0.0083692421261512,-0.005606068190589397,0.012797059338102379,-0.010378438031654724,-0.011290678825669254,0.0035847396255537234,-0.06890302257863734,0.016567221882979766,4.0
47,0.016567221882979766,-0.00428820628050719,0.023390538017936002,-0.016450200403142823,-0.0077351582169562505,0.005275095918344519,-0.013891121372649806,-0.01297594129335966,0.0
48,-0.01297594129335966,-0.0021842671048846185,-0.13359449411025626,0.0054267847834079674,0.036590002217476325,-0.011508226099437913,-0.009873982366308987,-0.009876050702849248,1.0
49,-0.009876050702849248,-0.0824054819078599,0.05558842913695905,0.01773654337130992,-0.005985579650918282,0.030020849559718954,-0.007168796575277803,-0.003403012796263205,1.0
50,-0.003403012796263205,0.004972032849567043,-0.009727708101107346,0.005671860268121165,-0.009239184375868348,0.013047485760043998,0.020087974349529247,0.021331762229874762,4.0
51,0.021331762229874762,-0.0003668889956678356,0.01477075531484573,-0.02108633826987738,-2.9387515712464563e-05,0.006382506353335593,-0.0194197689015283,-0.019891178838545187,0.0
52,-0.019891178838545187,-0.0005074376460587615,-0.0010504968948099602,-0.0051118314496969575,0.019218148010345715,-0.002843157386824835,-0.006285332437097502,-0.0007868599900175965,2.0
53,-0.0007868599900175965,-0.01854322403839781,0.017327219664849736,-0.0025060082885142165,0.01723229929961345,0.003041954611691544,-0.003993892870228777,-0.005580651478871879,1.0
54,-0.005580651478871879,0.026196181618102443,-0.009990525663708283,-0.0026912491765767044,0.005324733390343894,-0.00026139702246474883,0.005587224143491554,-0.0016111634093354255,1.0
55,-0.0016111634093354255,0.009266290048532966,0.023867913337935143,-0.012652320694736652,-0.0023765583092583142,0.005108636864425087,0.00410250689642222,0.008677524849946217,3.0
56,0.008677524849946217,-0.006807943828239793,0.017356650826108044,0.010422738081503624,0.008645381778331185,0.032692663734840366,0.030584010289506303,-0.033961838461188165,0.0
57,-0.033961838461188165,0.0065127432161284915,0.021521738262128665,-0.010489037937308154,0.026486974156998855,0.010379064396498272,0.01771179130839773,0.007726417180117906,3.0
58,0.007726417180117906,0.00546057774587716,0.029444996466316375,0.035523876887983086,0.03111847871108342,0.04536192715916609,-0.04198481804134069,0.03413088088696181,4.0
59,0.03413088088696181,0.10457387437883003,0.1092895683757309,0.010873021056053034,-0.05032941370913413,-0.03615163630008755,0.026391465747227727,-0.026244542121572678,0.0
60,-0.026244542121572678,0.015007424353725263,-0.11171308399927682,-0.07877150779673858,0.07487356409618151,-0.005551582888245754,-0.01067094327381568,-0.04080313559914561,0.0
61,-0.04080313559914561,0.03269654213089712,0.012725806052734434,0.0002569926844175896,-0.02501446446071487,-0.013320107133724335,0.015046483656644405,-0.008060535567643079,1.0
62,-0.008060535567643079,-0.0041275074542737045,-0.009234039177035136,0.02547533833675608,0.06929919864701084,0.014894448077269473,0.0009263588397816491,0.03832230388433544,4.0
63,0.03832230388433544,0.015963431504028236,-0.04212678471552689,-0.006971993524386377,0.005359484915937962,0.006783674724960775,0.06861793183162401,0.0010852755353401022,3.0
64,0.0010852755353401022,0.014702481464005324,0.046137847356606976,0.008522092321555874,-0.006497326747597398,0.08546762188359924,-0.046784785264215145,0.003727462629146139,3.0
65,0.003727462629146139,0.024184016397580166,0.04693490497370689,-0.022677428089040497,0.0023499874824999267,0.016761378896101853,-0.0028472970530231123,-0.042867231801031025,0.0
66,-0.042867231801031025,-0.01227362322048986,-0.0016381610495290744,0.014482913564370925,0.026203537698448187,0.001978893888325395,-0.0900375112200491,0.016262600767134927,4.0
67,0.016262600767134927,-0.00294519885093969,0.026192805440835798,-0.017284425070294596,0.011314691299898705,0.009016141228666008,-0.0024049907596843667,-0.0081446470322728,1.0
68,-0.0081446470322728,0.006969997938085726,-0.0028048970999918765,-0.004281414357380164,0.06204917106344876,-0.00912269420007572,-0.011412877093459173,0.001025694225146978,3.0
69,0.001025694225146978,-0.0011506356570611942,-0.03062377537554184,-0.0054836212532745066,-0.004713951112002235,-0.16428073968883172,0.05872007333265383,-0.014095984854641586,0.0
70,-0.014095984854641586,0.013770460234598936,-0.01900509513795079,0.09989132882707441,-0.0238284352915219,-0.06899361200662923,0.014712102695777496,0.035972134380469534,4.0
71,0.035972134380469534,-0.02597332275426556,0.001126874351792928,0.006861454854548477,-0.03879987861045908,-0.0032755134226301053,-0.0015108897142228628,-0.02392430477189489,0.0
72,-0.02392430477189489,0.009619234069015548,0.0046176151565395784,-0.012008374363168706,0.049343929070065684,-0.005955039418096497,-0.026406832342734887,0.0006451357065255792,2.0
73,0.0006451357065255792,-0.008888552031730335,0.00726551919404006,0.01574167478309807,-0.006374421530398244,0.012965799825920499,0.021326178384580174,0.03657118602691156,4.0
74,0.03657118602691156,-0.015169601151224121,0.015385524628575453,0.021635597982077925,0.014674409186962833,-0.0026743034207719063,0.03764113405782066,0.002773853671581783,3.0
75,0.002773853671581783,-0.0016734435468261921,-0.040272643255158336,0.009647892469867081,-0.0009603515700504772,0.01914996716172812,-0.0006193018514597526,0.002002229278526002,3.0
76,0.002002229278526002,0.0102806400425699,-0.006382213678801207,-0.02612130690097736,-0.0049092453160000105,-0.026556370164541043,-0.025284068821528116,0.01789521020644802,4.0
77,0.01789521020644802,0.01631714051705302,-0.0013785908885299847,0.002051502098877833,0.0059953856827128504,0.010412063661140891,-0.023900243301206103,0.006182697165090012,3.0
78,0.006182697165090012,0.0052661811877241504,0.0012000827097100597,0.0023982655731931146,0.006340371569147685,-0.02719333309022076,0.0027718282938247185,0.007324452307801543,3.0
79,0.007324452307801543,-0.0006920573844713118,0.012099424275846538,0.0006287466348258164,-0.004589639269560131,0.0020554552458564856,0.0018552258039301606,0.019908573387596107,4.0
80,0.019908573387596107,-0.005274767478589126,-0.01776204946655291,-0.003790517817516381,0.003612961362035705,0.003979944921914225,0.006553199677823862,0.00029913634802358757,2.0
81,0.00029913634802358757,-0.000669613322136442,0.007729827094260067,-0.0015662200956718664,-0.001684487705301052,-0.004968513809452624,-0.0029009792519349986,0.0054191374277507975,3.0
82,0.0054191374277507975,0.002298949189363242,0.0065741763137170395,-0.00399496045143799,0.0011598917800643704,0.012056347111804477,0.002466777431277656,-0.007049268110642437,1.0
83,-0.007049268110642437,0.002550493389898101,0.015326214436252705,0.013897114570811553,0.01856627479415973,-0.008546755970543884,0.010484022782094371,0.018822547142987922,4.0
84,0.018822547142987922,0.00548892135072343,0.009944975294811087,-0.04658803458234928,0.009771480557541068,0.012757432158019277,-0.014815544552785553,0.007660943274962584,3.0
85,0.007660943274962584,-0.016073381457929692,0.012193609586335086,-0.007742347018736773,0.002751877649718182,0.025777687682330352,-0.002636019790627664,-0.0004865448281261564,2.0
86,-0.0004865448281261564,0.005033102179092808,-0.02118618076490808,0.0035048363446525954,0.005297098142818868,0.0021368644199730724,-0.00014040426431183306,0.004000675391700348,3.0
87,0.004000675391700348,-0.007847814765390204,-0.0007006566232341527,0.0018343172845920463,-0.03750449526189925,0.011746830795947183,0.0005686945592220383,-0.00876992745249705,1.0
88,-0.00876992745249705,0.011187927848314239,0.0039782633219447305,0.008060438721695817,0.00852314473287219,0.04211511431430104,0.10894856306326162,0.001882703117003004,3.0
89,0.001882703117003004,0.010765466936814683,-0.0057899154802907304,0.010131050512343975,0.0021727717266157853,0.057851392478690755,0.006304351627270499,0.0022545453538223015,3.0
90,0.0022545453538223015,0.018694643958007795,-0.014240614928678674,0.00868755047219505,-0.010994598197927807,0.004914707170330601,0.05220152630728059,0.09680249046395772,4.0
91,0.09680249046395772,0.04775073378939343,-0.027075713174035343,0.015682493607275028,0.0983228174795121,-0.02601050938758309,0.010537862006193777,0.009521238097268458,3.0
92,0.009521238097268458,-0.03740110421591414,-0.09990913153485703,-0.10850313168151615,0.04601237592924079,0.06153827083562913,0.0009765898055063005,-0.05650015641293571,0.0
93,-0.05650015641293571,0.0446739691077207,-0.02147175618508701,-0.005496970698184889,0.04863324593350793,0.006253860741229467,0.04087413813873564,-0.06772634302735625,0.0
94,-0.06772634302735625,0.036374698053902144,-0.01889934907317148,0.011378619113695976,-0.05673748208621188,0.03932345871762166,-0.023972563484444542,-0.0032561304483804676,1.0
95,-0.0032561304483804676,-0.0003099847499425934,0.025154366123049776,-0.018022561185058628,0.009523851569341879,0.006969268068806045,-0.0026973316743452713,0.02655695409163883,4.0
96,0.02655695409163883,-0.01045599071581016,0.00010115462557003241,-0.011327191538945236,-0.00046014359264479054,-0.021581053381790838,0.0071722701607397354,0.008890689904085924,3.0
97,0.008890689904085924,-0.010698765331457416,-0.0039805435649560295,0.004387034497620235,0.0009453537191639327,0.002897597652025574,-0.002914460584803713,-0.047673228219234254,0.0
98,-0.047673228219234254,-0.029579788321881573,-0.10006318031460548,0.031703482087407586,0.02088477574653691,-0.005637656298891791,0.02191514567181052,0.008411735290078326,3.0
99,0.008411735290078326,-0.0028687893055368008,-0.005752209234193728,0.007587965049418166,-0.005632984741102298,-0.0024503228893459905,-0.0030146440894958104,-0.02611547407214232,0.0
100,-0.02611547407214232,-0.005714935610549254,0.0183725142681892,-0.007041503377736014,0.0011010344296646934,0.003033660452258502,0.010112220297188834,-0.0010798230148747479,1.0
101,-0.0010798230148747479,0.009348764739224968,-0.005741013627198477,-0.005555215861355656,-0.004191962035083208,0.0029364480725533326,-0.016744773629354448,0.007414953614893527,3.0
102,0.007414953614893527,7.495307828442321e-05,0.0060380036766263245,-0.003546818983776845,-0.0054637212887858055,0.005479309842511881,0.03924215423484245,0.017224896054655936,4.0
103,0.017224896054655936,-0.004087240957310279,0.006683267410414473,0.006630754706642428,0.01888388546958808,-0.005483157249829063,0.0007975426202744273,-0.026689846297956343,0.0
104,-0.026689846297956343,0.0016790025189141744,0.0013411157912148752,0.0028652937929312117,-0.005488513920184346,-4.603512370060514e-05,-0.0015409928063450096,0.005900506734237254,3.0
105,0.005900506734237254,-0.0010121095911657108,-0.009343436372694747,-0.01050754000406684,-0.0018098654934108893,0.011278054339409316,-0.0003516202043876149,-0.0032271329909061564,1.0
106,-0.0032271329909061564,0.011937257950900282,-0.0029301566630604015,-0.0020210317074500495,0.0011497902454342679,0.006932960192357562,0.00656764756629169,-0.0048656166465832484,1.0
107,-0.0048656166465832484,0.0017726353880034296,-0.0030009496205405384,0.003683614408022784,0.0002252917889586925,0.007696344259723986,0.0029615464427257265,-0.0038025731474613522,1.0
108,-0.0038025731474613522,0.003909127522023326,0.034338493782883006,-0.007582367292785719,0.001536430449331938,0.005171747135409355,-0.0019196063047859369,0.004270414581968751,3.0
109,0.004270414581968751,-0.0037573061867446356,-0.0019992085481703725,-0.011776562147177927,0.0002568189251732633,0.003656721336775526,0.037943508084838484,-0.0006996764858531179,2.0
110,-0.0006996764858531179,-0.004818627511919971,0.00560498695299394,0.030747438221459866,0.014325981795729525,0.0033215139971094487,0.03393783625438829,-0.016203497227921027,0.0
111,-0.016203497227921027,-0.0018562132904156314,0.04014643458348921,0.01668054028420851,-0.07439419336524722,0.020682187470705493,0.00040784545085692514,0.009789793104775235,3.0
112,0.009789793104775235,-0.010817616758518334,0.009535009250012827,0.018174945255391428,-0.010134967360432512,0.0016714590836102161,-0.016254158996201085,-0.004546612336182143,1.0
113,-0.004546612336182143,0.005394275381344293,0.007583852709783123,0.04631045927165012,-0.005615272376913616,0.01491177714139269,6.120852784619046e-05,-0.027799512319481856,0.0
114,-0.027799512319481856,0.011391712449239755,0.016224242860827687,-0.009517872556512152,-0.005626686278408677,0.0014426492381796052,-0.008225080708600174,-0.004023386737114443,1.0
115,-0.004023386737114443,0.005235491262780556,-6.109140792176504e-05,0.013171378858450211,0.015295630469228882,0.026962302342253608,-0.00852969332689213,0.002273069783061743,3.0
116,0.002273069783061743,-0.01915583326239556,0.007211163083554517,0.005044744525127598,0.0024290737029195597,0.003991069319025264,0.0022341809273216384,-0.006100563232240397,1.0
117,-0.006100563232240397,0.013680595461583067,-0.0008226921123455355,8.333189050269141e-05,-0.0014201035793828254,0.007931616132015762,0.007412895666844221,-0.0003995435311461293,2.0
118,-0.0003995435311461293,0.0019646903319072706,0.010543158106848693,0.04103281667072611,0.03615082076183196,0.06414040589728653,-0.024732427248238764,-0.003058017229583321,1.0
119,-0.003058017229583321,0.012684194668223903,0.02873158300275147,0.042199910038172916,-0.0026596311087638824,-0.012319825957327168,0.0031502697917797917,0.03563484512634485,4.0
120,0.03563484512634485,0.022753955465257825,0.02207257857890621,0.10215446072222534,-0.1314574878506436,-0.11563311123669795,0.00517535665566804,0.005566038421024544,3.0
121,0.005566038421024544,-0.011900908297487689,0.006268803333401962,-0.15827835824183722,0.036179447927182196,0.026283426643600727,-0.008519576765883663,0.004440443159072771,3.0
122,0.004440443159072771,0.011088397265108796,0.09019054411009186,-0.023406386781386068,0.011012634501475382,-0.0029246330482157745,0.029330609688004827,0.0035655163580186056,3.0
123,0.0035655163580186056,-0.016144795214500185,-0.0208073416636001,0.011671422622247185,0.01753602940018073,0.0015797943774593648,0.0024497215768457536,-0.002080119369310296,1.0
124,-0.002080119369310296,0.0008777129649546467,0.05285018165412847,0.019440247281031553,0.021444202349911734,0.019454335387518285,0.011750444032588625,-0.014595413037897131,0.0
125,-0.014595413037897131,0.011351114152374997,0.021099810968598476,0.0022378784482750547,-0.06707057181567944,-0.006786528545545956,0.01467791627480075,-0.004629451293433284,1.0
126,-0.004629451293433284,-0.0071837475427267705,0.014490178878466153,0.001430091677205425,0.018163783151847746,0.02225276876462612,0.005275799512217461,-0.005771552441282246,1.0
127,-0.005771552441282246,0.028752469081624987,0.03238088156153829,0.00221316708869157,0.048429048853893875,-0.0019631326978952757,-0.022587247249324705,0.0169064563531256,4.0
128,0.0169064563531256,0.01445104440187972,-0.0005760280722482136,0.03713126021713453,0.02103172940599407,0.02113893046529558,-0.01828058281062006,0.010453058148160999,4.0
129,0.010453058148160999,0.004518475305475,-0.04004635517360455,-0.06142866178206052,0.033349111677508425,-0.06337782187557117,0.05260840434893499,0.03766291835970481,4.0
130,0.03766291835970481,0.008459918858418902,0.006471676564260065,0.008966519537937145,-0.05855689918918294,-0.07062178306281996,-0.11857331005449279,0.06010837146775394,4.0
131,0.06010837146775394,0.01731859706980643,0.06002696878804237,-0.06507106677618157,-0.011108659123447495,-0.10329223889877781,0.039234509627145364,-0.002014339314294844,1.0
132,-0.002014339314294844,0.07195774759158446,0.0014349538619615743,-0.00370638137813728,-0.015052072548940032,0.04296411870748873,0.008270215349716281,0.020462681279848738,4.0
133,0.020462681279848738,0.037870335941041944,-0.00998403214153143,-0.007371838713959633,0.04611285064262294,-0.005349514238151443,0.003337214639814512,0.009078482927988851,3.0
134,0.009078482927988851,0.00013467634587804866,0.014505387826629246,-0.0031507147311797823,-0.025885489674547735,-0.0025922910728048976,0.004538589123253445,0.009032869027274515,3.0
135,0.009032869027274515,0.008851493548585054,0.01526276339333954,-0.0008666595818134226,0.015030062081609508,-0.005472874386655668,0.007504288795339598,-0.01825943179825007,0.0
136,-0.01825943179825007,0.03318891548748937,0.012350969553812874,0.01247333737606926,0.027590386169040748,7.586641400880723e-05,0.0030533901001259522,0.0197971790430298,4.0
137,0.0197971790430298,0.0525374051929246,0.022785099678402254,0.025092124395012405,0.03308798346352315,0.010291705029850995,0.01445043560704562,0.010987472238349838,4.0
138,0.010987472238349838,0.07650657219765122,0.01875121652189282,0.013486614738552838,0.03606991714894825,-0.06875452402685589,0.044127722065832486,0.004200242318026959,3.0
139,0.004200242318026959,-0.03760294294693978,-0.00863218473747196,0.05189249832381648,0.04234678089796251,0.04476725014241989,0.04087684416330095,-0.011600525287927432,0.0
140,-0.011600525287927432,0.07010136280700596,0.05754393310289618,0.05239456870808823,-0.052601461040994835,-0.055190210685792884,-0.0669323789009919,0.05001616937811271,4.0
141,0.05001616937811271,0.043465386395456385,-0.030692064941801434,0.04520474002626873,0.04932417988698834,0.036629052019768515,0.021450772159093745,-0.013987899446807006,0.0
142,-0.013987899446807006,0.06861501263832448,0.0642424925543379,-0.05328393031783474,0.03146100759331283,0.0073461988657363975,0.03960972961543785,0.0036671471340534723,3.0
143,0.0036671471340534723,-0.0967398343728485,0.013327863742708779,-0.0833613710789729,-0.01207867501485893,0.017835017911638218,0.05469741779154358,-0.04086360363123909,0.0
144,-0.04086360363123909,0.01643134173797378,0.04459400780698619,-0.006814224836671379,0.006042604813678132,0.01145100024153134,-0.04912160976721225,-0.006418071052051388,1.0
145,-0.006418071052051388,-0.04424460995458279,0.029647555418121918,0.005675154131893123,-0.011091234841753561,-0.018538437994298107,-0.022804881969602953,0.025193089779115496,4.0
146,0.025193089779115496,0.02468321768136139,0.01621692012407472,0.002007297121375373,0.00018785474466387342,-0.0344438326307559,0.020554942788268526,-0.018580921637858516,0.0
147,-0.018580921637858516,-0.056767892224373284,-0.022515764262078797,0.02953667338118038,-0.01768145955034406,-0.056856176924572566,-0.11292633923586859,-0.030252516215762526,0.0
148,-0.030252516215762526,0.14470223258471293,0.03931509971778535,-0.023162599967287534,0.22351268020470805,-0.0616788169653244,0.050942944694175374,-0.027218019458354448,0.0
149,-0.027218019458354448,0.009034358639768314,-0.06739978029676319,-0.015268629207883855,0.05405997307455035,0.04640739380846348,-0.029878918953406775,0.014159390085970003,4.0
150,0.014159390085970003,0.038361005296823514,-0.05151517469450617,-0.006463449398097509,0.03530505332650957,0.0318017859243227,0.11710070940856099,-0.013857215537372625,0.0
151,-0.013857215537372625,0.04784140054513841,0.014779459120212834,-0.023235894811749702,0.009524073879076056,0.07885406967535502,0.060945749521110315,0.04683886028937678,4.0
152,0.04683886028937678,0.062187871048003274,-0.02970676699525754,0.04289645886235682,-0.01380240460815152,-0.04410732966965014,0.012383894813824625,-0.02387373895990308,0.0
153,-0.02387373895990308,-0.022780517163962344,0.022421088882341067,0.011813043869816298,0.04610262633701723,0.009015747793508666,-0.0061855114447748605,0.009015438872358672,3.0
154,0.009015438872358672,0.001085012727259027,0.040442698878869976,-0.0032369303733972288,0.03158184086537652,0.041588086201619134,-0.06667594712484792,0.0013860593632752938,3.0
155,0.0013860593632752938,-0.08243739014747753,0.03447218148323472,0.047422825823671744,0.0034847752849671565,-0.08502035908097838,-0.00011117310979891215,-0.02559336518983457,0.0
156,-0.02559336518983457,0.011194836097599747,-0.008890680403949247,-0.0641155338256798,-0.20207744307258935,0.13880162942219165,-0.008688580486237996,-0.004220976080393513,1.0
157,-0.004220976080393513,0.1261179775660768,-0.039411101352127886,-0.0038092805437983657,-0.0726663473322624,0.0005235375488297223,0.04477678145224928,-0.03064534038050759,0.0
158,-0.03064534038050759,0.06489271241286687,-0.009070100387486235,0.07523628942570149,-0.00609645287755356,-0.0013217637931290938,0.04113349558402746,0.012535618504582402,4.0
159,0.012535618504582402,0.002873585357098918,-0.02041582790093166,-0.020935989174155623,0.022113671877850294,0.010327010975649031,0.013710792519912474,0.04088278663778411,4.0
160,0.04088278663778411,0.03443947859513585,0.00272648615564286,0.008385700549203179,0.12345090945402859,0.032299285186478954,0.03352905179196419,-0.02575570899578672,0.0
161,-0.02575570899578672,0.009451386414218277,-0.024285970725770767,-0.0035896319585528857,0.02202910194742458,0.04933638594168954,0.006626572138504372,-0.005091935145337345,1.0
162,-0.005091935145337345,-0.01180432612975757,-0.07174377909964313,0.039632439094544836,0.026065018380531768,-0.019152642754995952,-0.00578395855536229,0.06074853452373219,4.0
163,0.06074853452373219,0.0028039708242335593,0.04915495742769593,0.05096895897415621,0.044688729267901905,0.01079860932327037,0.032955146415545755,-0.0001755575101540785,2.0
164,-0.0001755575101540785,-0.052710339784141524,0.0167012886446809,0.04188243035440209,-0.03736270925132956,-0.08054038229200522,-0.05005817619253605,-0.05841270404884291,0.0
165,-0.05841270404884291,0.09980170704488422,0.011106275827081902,0.09873042490343664,0.06991529812597186,-0.0201102626040619,0.008901146139494998,0.03455431635565098,4.0
166,0.03455431635565098,0.020520554935579582,-0.01569578629015389,0.018936992964897925,-0.01942364258414031,0.020556339939307833,0.06429765322195635,0.06216168574331782,4.0
167,0.06216168574331782,0.04910313589176418,0.0255250148755799,-0.017074947094048554,0.029030033059767035,0.07367016174468333,0.009464772164850643,0.020779312780028647,4.0
168,0.020779312780028647,0.032201224426900765,0.020136999911636977,0.17938317743954535,0.22147532124182945,-0.0745898340591058,-0.08555721102948155,0.016930832354738357,4.0
169,0.016930832354738357,0.09233940533120588,0.033716300993285486,-0.0658590355130304,0.013139207177255585,0.06748462069403693,0.09220703603195801,-0.019149331395000857,0.0
170,-0.019149331395000857,0.0006226544626688479,-0.073680359099626,-0.06501199403148838,-0.04576036410532147,-0.13080698721036121,0.04619670029514644,-0.04281857071758033,0.0
171,-0.04281857071758033,0.0029037186548883653,0.1410874376273874,-0.018696943669185728,-0.07649694472543977,-0.0009462561701152339,-0.12956645321907168,0.08999066930085142,4.0
172,0.08999066930085142,-0.03513334476813412,0.0946894831252525,0.01934014879416246,0.013432013378567476,0.12066480985445871,0.0037269142507714292,-0.06184284198541157,0.0
173,-0.06184284198541157,-0.08565380526370348,-0.03602951559796885,0.025694416643291973,-0.10665890784449061,0.03638250860004,0.029546792005797684,-0.04290215559077026,0.0
174,-0.04290215559077026,0.0049848893924959725,-0.19094341337033605,-0.020531064650343822,0.020417350489070785,0.019614281239755726,0.10055152251886312,-0.10253531711726893,0.0
175,-0.10253531711726893,-0.06101740245046905,-0.003762343909086141,0.04644036880608127,-0.014613752055979035,-0.0072310929092296305,0.026526655499836238,0.024124333776196494,4.0
176,0.024124333776196494,-0.03891691878625814,-0.11205730246328827,0.0126908989914849,-0.11312805674767823,-0.03225284560058839,0.03590171498752426,-0.10385889868915044,0.0
177,-0.10385889868915044,-0.15942399489961723,0.09512519687517518,-0.015283568553721594,0.07973951506730081,0.05277146477552819,-0.01199240676653801,-0.0566701524902804,0.0
178,-0.0566701524902804,0.09208313372385923,-0.037296103781882195,0.09830870966661465,0.06600226285802613,0.007058879866191248,0.08592828842399314,-0.0526787946310634,0.0
179,-0.0526787946310634,0.06237678549117298,0.012422774341411369,-0.06463581967344112,-0.07026373806144193,0.03467678573592181,-0.048932020986697466,-0.013047674581533997,0.0
180,-0.013047674581533997,0.07224980295311667,0.02782764871655985,-0.02868432461151471,0.05547619216055466,0.011277650571910769,0.035004656798319544,0.003039542311100263,3.0
181,0.003039542311100263,-0.0028048021860946903,-0.06244848073687237,-0.08218990872002863,-0.055446026468251475,-0.006831854828101669,-0.054707861405924874,0.08133666292576258,4.0
182,0.08133666292576258,-0.04579947635728132,0.004525899887912743,-0.1056530378411864,0.003870358600414292,-0.00012015750034599648,-0.0532297731088196,0.05589507177732678,4.0
183,0.05589507177732678,0.03248967862259988,0.036206930899954415,0.00021927277285804792,-0.02299195969468215,0.01878933995865495,-0.033019795807005536,-0.013364464789953345,0.0
184,-0.013364464789953345,-0.035751960900689994,-0.045299728455718835,0.01798741544466509,-0.10671394838228565,-0.03967693357172841,0.015916245513102112,-0.02284921918732863,0.0
185,-0.02284921918732863,0.03691502467841623,0.0486610757540884,-0.08502254781351759,-0.0047846230065715645,-0.027585226218466374,0.0427311875369476,0.01780871678930218,4.0
186,0.01780871678930218,-0.035969803031496994,0.007043154034990451,0.016220499658579968,0.12748526088159196,-0.0033494357281913523,0.015706528756838978,0.04141404662608572,4.0
187,0.04141404662608572,-0.03241266397022713,-0.01588810424512488,0.026683630306887807,0.015518820490667551,0.06560720378420015,0.008582271237317585,-0.01474902398411615,0.0
188,-0.01474902398411615,0.01578828343737726,0.08232983197390809,-0.08985944966672932,0.04663370887410068,-0.03855247488245972,0.04453845113648569,0.008491206584082533,3.0
189,0.008491206584082533,-0.01870110731772634,-0.016002690944489473,0.014109308288208666,0.04877281468866279,0.000492918875085735,0.014840376769116759,-0.02048605408164761,0.0
190,-0.02048605408164761,-0.027836580180782278,-0.016892959802602192,0.011022343191068984,-0.02971013336004802,-0.06993881064321705,0.008733924338724108,0.02294070996527431,4.0
191,0.02294070996527431,-0.0009081464972595654,-0.02333457808753714,-0.015925035924871267,-0.0338049145810313,0.02005264120428052,-0.001059247862762902,0.03284147312248109,4.0
192,0.03284147312248109,-0.012095384183989921,-0.04652855975183812,-0.061046500008345106,0.004115207281607525,-0.01403582567697903,-0.016756212340309773,0.001252933930567579,3.0
193,0.001252933930567579,-0.0333599562731024,0.04662336147328894,-0.00854812833340901,0.012685652615587628,0.004790727120658644,0.012574603450728361,0.011780296625509834,4.0
194,0.011780296625509834,-0.02911900243704224,0.01653655543272059,0.003253252922007732,0.004475803325208361,-0.006870543340445678,-0.01757507587660001,-0.09802479203867165,0.0
195,-0.09802479203867165,0.01554630814849034,-0.045767716597218566,-0.039284363904927844,0.050918950410544284,-0.03330661328261009,0.013857575605936034,-0.005432159266375081,1.0
196,-0.005432159266375081,0.03506429997863769,0.004198824239150412,0.0013770471583516297,-0.006245035169683888,-0.10108079998232533,0.012106788556558001,0.0012468020664702095,3.0
197,0.0012468020664702095,0.013131162652120665,-0.02742116896639324,0.011237693999898823,-0.04233046466524826,0.0522049171854988,0.031281105657555486,-0.004893716152325922,1.0
198,-0.004893716152325922,0.03333584560870051,-0.0069656008682841275,0.007427819649244327,0.005888943216628917,0.004511786095790171,0.027960230083269977,-0.012135475832504738,0.0
199,-0.012135475832504738,-0.0053084847419242465,-0.06252082669765002,0.010372830257777466,-0.025611348959568403,0.001998027541425529,0.004025531323470943,0.013351189161891597,4.0
200,0.013351189161891597,0.058449876039340154,0.08196277493245674,0.008558977669400392,0.012017133678650538,-0.01547652449762893,0.008812148936129915,-0.00041663131775315776,2.0
201,-0.00041663131775315776,0.03989629930470784,0.08244520053740167,-0.02450035663438932,-0.028084773321152667,0.027131624855886827,0.004489842358301743,0.0019187174427877096,3.0
202,0.0019187174427877096,-0.00492355123946453,-0.051692253314270076,-0.01750977470179471,-0.00948259790627759,-0.016462178096359636,-0.05635172651007636,0.00452105463520347,3.0
203,0.00452105463520347,-0.014923346457585751,-0.030862296785555188,-0.06764395059261119,0.041298137987842765,-0.060475198847772305,0.0156962738701818,0.009142228643808537,3.0
204,0.009142228643808537,-0.008504227653055807,-0.010590843250517068,0.011635173557980494,0.007388978338267904,0.03753359697489067,-0.024737591127601988,0.012062277643225983,4.0
205,0.012062277643225983,-0.03116116705076344,0.028965119385643945,-0.017874767655667867,0.027887302802440672,0.025383656202674132,0.005148953368685483,-0.006511556561475729,1.0
206,-0.006511556561475729,0.02650969311571849,0.028698657759377966,-0.0067844054492027794,-0.009957407901229232,0.010106506498884116,0.020341582531246516,0.012364815624714254,4.0
207,0.012364815624714254,-0.002204615411947941,0.013465310711469058,-0.08595456046865202,-0.034062189709231916,-0.010585905993870881,-0.03734247244545763,0.012485632052113615,4.0
208,0.012485632052113615,0.0047983912326809985,-0.0023512141006936105,0.005876385539947293,0.025047820793679065,-0.0009228932168419135,0.00418214721950072,-0.0034664914394166857,1.0
209,-0.0034664914394166857,-0.03644802752102194,0.0143749673829916,0.004228435373919481,0.017815465565766075,0.03339143718581816,-0.002933747650857299,-0.001572240766767763,1.0
210,-0.001572240766767763,-0.015198183467662219,-0.023108431436630994,0.006564703395895322,0.027853539429138152,-0.0053521075281821595,-0.005795711787872193,0.002289700912104564,3.0
211,0.002289700912104564,-0.004027808681577483,-0.0059907490604711455,-0.008573557400648468,0.011664666490155184,0.00732014432865391,-0.004808865020157427,0.0014418710158174974,3.0
212,0.0014418710158174974,0.007981489504214068,-0.0019242739552183252,-0.008097070387870886,-0.054198589868821756,0.006204230824536694,0.0016568018358000813,0.0006597027497736718,2.0
213,0.0006597027497736718,0.04790256795025272,-0.001651030338775783,-0.007338872815713771,-0.009870783729414967,-0.002650888883854563,0.004504663629068872,-0.0006226873692529722,2.0
214,-0.0006226873692529722,-0.002112905432660739,0.0010084392708691325,0.0008886099571068229,-0.0025028730069163174,0.0019151500308751679,0.00028083650433430307,0.0014936317755083195,3.0
215,0.0014936317755083195,-0.024212787190675655,-7.859378419183827e-06,-0.0029790465033787683,0.009573909073717246,0.0013034950331842765,-0.0034141824570017576,-0.00029068817406141534,2.0
216,-0.00029068817406141534,0.01090262671116271,0.005444199459784471,0.008278235544903367,-0.012290277360834878,-0.008803767764447912,0.0042969622580102396,-0.0002916273211859277,2.0
217,-0.0002916273211859277,-0.006033647827290878,-0.0034500136304185247,-0.1018618697761724,-0.01596138434576666,-0.011892574449683835,-0.0033828910354749553,0.010919019392364504,4.0
218,0.010919019392364504,-0.14462361676215174,-0.08545663289889482,0.032178168457475564,-0.05593568520584746,-0.002987983651740578,-0.11360848416692981,0.03401862697137936,4.0
219,0.03401862697137936,-0.06405465835375068,0.014896662487362988,0.11048383435367981,0.0046936877778822605,-0.06368250255672692,0.04286730610514411,-0.012795886738789619,0.0
220,-0.012795886738789619,-0.06500700033871176,0.018508647550087076,-0.053123115479714045,-0.06648802198502146,-0.02615476001575523,0.014885296563313943,0.039190189769708894,4.0
221,0.039190189769708894,-0.03221041419491577,-0.021997214076867166,0.019227078657333863,-0.0518165880268846,-0.02067095651369577,-0.0023835124197315594,0.005192601108134909,3.0
222,0.005192601108134909,0.08585540033684325,0.04470482903847106,0.009496653985300085,0.09950140788500761,-0.058688680054501674,0.031044208510550675,-0.005151987746867093,1.0
223,-0.005151987746867093,0.019972230034809968,-0.06618635439530074,0.009127013563739794,-0.05370535668210863,0.07368840812598165,-0.028398732949819205,0.011562893994874202,4.0
224,0.011562893994874202,-0.03155838269783473,0.026990548051101015,0.021036634084040884,-0.025508896914640644,0.005188403596182667,-0.004020255979026999,0.061184648712654166,4.0
225,0.061184648712654166,-0.012362915538382424,0.0007642245444774431,0.0007089977936729497,-0.09357523854495753,0.0035206622965340273,-0.0076519807475001755,-0.028148922565097934,0.0
226,-0.028148922565097934,0.040466781623493375,-0.019823238529554033,0.005591189431113364,0.00712687280520008,-0.006988094403984846,0.019808145147322875,-0.03414919179762954,0.0
227,-0.03414919179762954,-0.007049479622939003,0.00848838534181695,-0.005857239826589478,0.006365562405378,-0.002129856895955129,0.0013802462393233128,-0.005676503445325665,1.0
228,-0.005676503445325665,-0.032729584447682925,-0.007225255043868728,0.011981777891454826,-0.007158745637463326,0.006934011332496937,0.009002982115397629,-0.014012979272775894,0.0
229,-0.014012979272775894,-0.0035424636876513205,0.004084575795344492,-0.015735997828766557,-0.003976639559052586,0.07644351207506084,0.00043989783453035614,0.006082848264764351,3.0
230,0.006082848264764351,-0.014407023471758151,0.0029746517483619783,-0.006159122683836671,-0.0038081537508727337,-0.0005801877168227776,0.004991053330567041,0.01040718684672548,4.0
231,0.01040718684672548,0.0633973959128209,0.008913750264444076,0.01348256706209483,-0.012033935668936735,0.011698757020727868,0.03598988957440774,-0.08517116039733885,0.0
232,-0.08517116039733885,0.018657222483446034,-0.005485288972733926,-0.002392443909171149,0.0014269291991393374,0.0004049863263357878,0.001800563407375222,-0.004456673524423138,1.0
233,-0.004456673524423138,-0.022422999740845384,0.03585341161652522,0.0016162399828125729,0.002517988859420228,-0.0047832750465133245,0.018223202459983767,-0.003139956154191381,1.0
234,-0.003139956154191381,-0.0127222695448026,0.0023766911374920596,-0.0019109400882335592,0.005384532730582592,0.009438386128916676,0.020925205720494944,-0.004395070619333197,1.0
235,-0.004395070619333197,0.0006755559500533082,0.009403935922142281,0.003227548844797923,-0.01366786743536963,-0.001441089479648383,0.003090194844171279,-0.0027423772116783596,1.0
236,-0.0027423772116783596,-0.01373265364988363,0.0037759931156333693,0.025606400247262684,-0.004729028338896768,0.005841965475775979,0.003249694851593432,-2.283572620775942e-05,2.0
237,-2.283572620775942e-05,0.012480280829763046,0.16036233563077396,0.018546292605345016,-0.009804183504785513,0.022890839863373813,0.005148930082997438,0.026708486706677803,4.0
238,0.026708486706677803,0.017175758281075204,-0.016354911589727905,0.022980197362722166,-0.050824280238900954,0.00544814661233417,0.0013566926597459172,0.013945939016744902,4.0
239,0.013945939016744902,-0.019688955382601847,0.03291811187982674,0.0029263516810811296,0.008848483111444594,0.0011330258864052922,0.005962074633945491,-0.004392091339443738,1.0
240,-0.004392091339443738,0.01621996472945142,0.0313843194401251,-0.019022783413635835,-0.048004688556936514,0.01318760404554098,-0.0014642121025776333,0.002484098394759826,3.0
241,0.002484098394759826,-0.007050971760715896,0.019472636396512755,0.009580038830629078,0.018909553068011675,0.046776797500125866,0.010666355736814737,-0.006775524026037871,1.0
242,-0.006775524026037871,-0.007990520017290947,0.01791882393146338,0.022454836386840427,0.03183426133127476,0.03247378723055938,0.12145213536367905,-0.03278378322311326,0.0
243,-0.03278378322311326,0.11334977539627467,0.02297844493900847,0.025350843889023977,-0.03825689267189425,-0.07164082909459246,-0.01008955026694558,0.12028289624505284,4.0
244,0.12028289624505284,-0.027075043337484672,-0.002720836449217501,-0.035699170611071196,0.026279131411989454,0.013883661661688862,0.007891913671763007,0.07401977940615723,4.0
245,0.07401977940615723,0.014726683515863925,-0.009607326519297743,-0.006539712864565672,-0.040221375618155975,0.030019043511099852,-0.00097625983394245,0.020370634379563768,4.0
246,0.020370634379563768,-0.06263712850735992,-0.06368870493910705,0.014853431164899789,0.0009290321054429285,0.026461178016102593,-0.010896848325877784,-0.03291318743608507,0.0
247,-0.03291318743608507,0.03975402217544577,-0.009894765520259696,0.027394110348570422,0.010423972586091068,0.05424854571670146,0.017306087277040305,0.016543325697135458,4.0
248,0.016543325697135458,0.037827647135491915,-0.027886736862111405,0.02117943726698357,0.02681423182024112,0.06609680811037144,0.0499099581449336,0.014575623320434161,4.0
249,0.014575623320434161,0.014039696697302873,0.06773291795671632,0.09998308103212672,-0.15373559772343448,0.10522785662438139,-0.038534927104686645,-0.099961234100995,0.0
250,-0.099961234100995,-0.019476050589515737,0.02144001149394903,0.1014047672405205,-0.06643987175459998,-0.019883654125306904,0.02117832038370082,0.020207034020634396,4.0
251,0.020207034020634396,0.07063170218485837,0.023111144241282133,-0.03495308314235679,-0.06688570628216262,0.03961485716609836,-0.0372642665489078,-0.10390491943779878,0.0
252,-0.10390491943779878,0.06041352641690878,-0.14019862799082716,0.023714457247706378,0.09395974725968159,-0.012100060555036762,0.023632122794486676,-0.016897288015611522,0.0
253,-0.016897288015611522,-0.02389378598501324,-0.045377630033438976,-0.007984454161739762,0.010549645899139648,-0.004241948808608953,-0.03920784827840329,0.00594038881475889,3.0
254,0.00594038881475889,-0.0027109529630546803,0.00854549337751287,0.04811453277320332,0.03170272757995818,0.011207378013395441,0.02833756476867144,0.012772204465102632,4.0
255,0.012772204465102632,0.07475806295730436,-0.028802689420675875,0.040794552852871035,-4.770986235591579e-05,-0.007718953650938332,-0.044107779512689405,0.015600435929229661,4.0
256,0.015600435929229661,-0.01249396133345293,-0.04450347498310592,-0.08137793826194795,0.027607631221117757,0.0038013841117976455,-0.012210568813074474,0.011395517281902912,4.0
257,0.011395517281902912,0.05324747928210449,-0.014000964967745944,-0.05952376194843012,-0.0006126501254204442,0.02641660300106885,-0.02400957828023209,-0.0033950283514645463,1.0
258,-0.0033950283514645463,0.024053538017243525,-0.016465898036759796,-0.04476056399046868,-0.025109874690512513,0.008653536151854269,0.003438060737313009,0.013088739095653779,4.0
259,0.013088739095653779,0.058539929708986804,0.02627673572019873,-0.0031115592359292066,-0.0009435105931778764,-0.021428797164823266,0.0157326219248084,-0.007145158724238598,1.0
260,-0.007145158724238598,-0.010281339891044183,-0.020858904090591324,0.005298984371803428,0.023169341087861284,-0.006739563566029005,0.0010687441774610562,-0.0008929002795632357,2.0
261,-0.0008929002795632357,-0.006370647740041591,-0.003284845425854499,-0.004626292345587757,0.006432118890321803,-0.008085135018601974,-0.015789626308139404,0.004364678092215968,3.0
262,0.004364678092215968,-0.034214252135715384,-0.12298332816387791,-0.013546298180862948,-0.04513434133734329,0.016887372943957146,-0.0006348100389974576,-0.01734701102668268,0.0
263,-0.01734701102668268,0.023836140504965186,0.005346367639326388,0.005564586611034983,-0.015769474597934874,-0.005992221323516844,-0.007368292976927648,-0.01992213757890582,0.0
264,-0.01992213757890582,0.03175057007312354,-0.002064588773453835,0.042282467574249694,-2.0474600059827708e-06,-0.031906003098383096,0.002550635709829052,-0.001929472234802887,1.0
265,-0.001929472234802887,0.006304688752447163,-0.020362852314772084,-0.019303774624443548,0.00657899818288854,-0.01581768102639103,0.0030057627013633237,0.0280249115359279,4.0
266,0.0280249115359279,0.002220857758413075,-0.020488168783259653,-0.07272574540123244,0.0,0.0,0.0,0.0,2.0
